{
  "train_loss": [
    0.17017876030877233,
    0.10625340649858117,
    0.06804066943004727,
    0.05441780248656869,
    0.05862940358929336,
    0.04611254925839603,
    0.052476055920124054,
    0.04611121490597725,
    0.03982388228178024,
    0.0592504246160388,
    0.045993906911462545,
    0.0355687087867409,
    0.03348149685189128,
    0.03920641425065696,
    0.04151708446443081,
    0.0407035022508353,
    0.03808958432637155,
    0.03671424835920334,
    0.02585475007072091,
    0.028492035577073693,
    0.030029475456103683,
    0.031752002658322453,
    0.02749348897486925,
    0.024091714527457952,
    0.0243686034809798,
    0.023270553909242153,
    0.023934724973514676,
    0.025699546094983816,
    0.027461371151730418,
    0.01890562381595373,
    0.020593034802004695,
    0.02340787835419178,
    0.02357819746248424,
    0.02178128552623093,
    0.02075052633881569
  ],
  "val_recall@1": [
    0.7396449704142012,
    0.665680473372781,
    0.6597633136094675,
    0.6538461538461539,
    0.6745562130177515,
    0.7218934911242604,
    0.7218934911242604
  ],
  "val_recall@5": [
    0.9201183431952663,
    0.8994082840236687,
    0.8875739644970414,
    0.893491124260355,
    0.9112426035502958,
    0.9201183431952663,
    0.9230769230769231
  ],
  "val_mrr": [
    0.8167905747930849,
    0.7709300521645434,
    0.7584306291162196,
    0.7618191596372069,
    0.7792752885143243,
    0.8098985493564331,
    0.8102386462632492
  ],
  "lr": [
    0.0,
    1e-05,
    2e-05,
    3e-05,
    4e-05,
    5e-05,
    4.986332128943842e-05,
    4.9454782638308454e-05,
    4.877886008156409e-05,
    4.784295916818289e-05,
    4.665733382442175e-05,
    4.523497400965494e-05,
    4.359146339566099e-05,
    4.174480862865352e-05,
    3.971524204469721e-05,
    3.7525000000000004e-05,
    3.519807924474122e-05,
    3.275997400965494e-05,
    3.023739668590309e-05,
    2.7657985158527953e-05,
    2.505e-05,
    2.244201484147205e-05,
    1.9862603314096907e-05,
    1.7340025990345062e-05,
    1.4901920755258788e-05,
    1.2575000000000006e-05,
    1.03847579553028e-05,
    8.355191371346496e-06,
    6.50853660433901e-06,
    4.865025990345064e-06,
    3.442666175578254e-06,
    2.2570408318171053e-06,
    1.3211399184359193e-06,
    6.45217361691548e-07,
    2.3667871056158142e-07
  ],
  "epochs": [
    1,
    2,
    3,
    4,
    5,
    6,
    7,
    8,
    9,
    10,
    11,
    12,
    13,
    14,
    15,
    16,
    17,
    18,
    19,
    20,
    21,
    22,
    23,
    24,
    25,
    26,
    27,
    28,
    29,
    30,
    31,
    32,
    33,
    34,
    35
  ]
}