{
  "train_loss": [
    0.8262738436460495,
    0.8166118450462818,
    0.8252930641174316,
    0.8201369792222977,
    0.8322663605213165,
    0.8345922790467739,
    0.8257214911282063,
    0.8268260471522808,
    0.8301549106836319,
    0.8315389379858971
  ],
  "val_recall@1": [
    0.3076923076923077,
    0.3106508875739645
  ],
  "val_recall@5": [
    0.606508875739645,
    0.6124260355029586
  ],
  "val_mrr": [
    0.4471155700497342,
    0.45307328705692285
  ],
  "lr": [
    2e-05,
    4e-05,
    6e-05,
    8e-05,
    0.0001,
    7.525e-05,
    2.5750000000000013e-05,
    0.0001,
    9.336825748732972e-05,
    7.525e-05
  ]
}