{
  "train_loss": [
    0.8211514428257942,
    0.8198719024658203,
    0.8277744054794312,
    0.8196570724248886,
    0.8220671489834785,
    0.83373212069273,
    0.8291866332292557,
    0.8262332528829575,
    0.8260914459824562,
    0.8256329670548439,
    0.8221800029277802,
    0.8232102245092392,
    0.8145601227879524,
    0.8192127048969269,
    0.8163487911224365,
    0.8196166157722473,
    0.8152551427483559,
    0.8154514282941818,
    0.8182013183832169,
    0.8092283234000206,
    0.8128349855542183,
    0.8193827122449875,
    0.8284398466348648,
    0.8229615613818169,
    0.8285684958100319,
    0.8208141997456551,
    0.8220849558711052,
    0.8264287486672401,
    0.8204346895217896,
    0.8144736513495445,
    0.8173796609044075,
    0.8189727514982224,
    0.8202098906040192,
    0.8190609738230705,
    0.8111894950270653,
    0.813632532954216,
    0.8129460588097572,
    0.8086684420704842,
    0.8152177184820175,
    0.8132616803050041,
    0.8087598383426666,
    0.8129482269287109,
    0.8086696043610573,
    0.8112862184643745,
    0.8028313666582108,
    0.8089901506900787,
    0.8036082237958908,
    0.8091389164328575,
    0.8041292726993561,
    0.8085750192403793
  ],
  "val_recall@1": [
    0.3668639053254438,
    0.5650887573964497,
    0.4556213017751479,
    0.5029585798816568,
    0.41124260355029585,
    0.30177514792899407,
    0.33727810650887574,
    0.3698224852071006,
    0.35798816568047337,
    0.3609467455621302
  ],
  "val_recall@5": [
    0.6390532544378699,
    0.8165680473372781,
    0.7248520710059172,
    0.7544378698224852,
    0.7248520710059172,
    0.6153846153846154,
    0.606508875739645,
    0.6923076923076923,
    0.7130177514792899,
    0.7189349112426036
  ],
  "val_mrr": [
    0.4954022799106961,
    0.6762679356053013,
    0.5761307806168255,
    0.6195431911268753,
    0.5519447423614873,
    0.44269585589780774,
    0.4658827711204984,
    0.5189891571613466,
    0.5098489962327764,
    0.5183560571782111
  ],
  "lr": [
    2e-05,
    4e-05,
    6e-05,
    8e-05,
    0.0001,
    9.90488713799599e-05,
    9.623203685930869e-05,
    9.1657745808976e-05,
    8.55017856687341e-05,
    7.80007265344703e-05,
    6.944282990207195e-05,
    6.015697093979836e-05,
    5.05e-05,
    4.0843029060201655e-05,
    3.1557170097928055e-05,
    2.2999273465529706e-05,
    1.54982143312659e-05,
    9.342254191024006e-06,
    4.767963140691306e-06,
    1.9511286200400938e-06,
    0.0001,
    9.976164397027375e-05,
    9.90488713799599e-05,
    9.786854661874435e-05,
    9.623203685930869e-05,
    9.415510258524357e-05,
    9.1657745808976e-05,
    8.876401744145549e-05,
    8.55017856687341e-05,
    8.190246756610045e-05,
    7.80007265344703e-05,
    7.38341384728869e-05,
    6.944282990207195e-05,
    6.486909152409588e-05,
    6.015697093979836e-05,
    5.5351848446313266e-05,
    5.05e-05,
    4.564815155368675e-05,
    4.0843029060201655e-05,
    3.6130908475904125e-05,
    3.1557170097928055e-05,
    2.7165861527113116e-05,
    2.2999273465529706e-05,
    1.9097532433899555e-05,
    1.54982143312659e-05,
    1.223598255854452e-05,
    9.342254191024006e-06,
    6.8448974147564305e-06,
    4.767963140691306e-06,
    3.131453381255663e-06
  ]
}