{
  "train_loss": [
    8.079033374786377,
    7.6937137842178345,
    7.702384829521179,
    7.743343234062195,
    7.970019459724426,
    8.092856287956238,
    7.822980523109436,
    7.860430717468262,
    8.61260199546814,
    8.530869483947754,
    8.545600175857544,
    8.999141931533813,
    9.117694854736328,
    9.276973724365234,
    9.01132607460022,
    8.595440864562988,
    9.129494905471802,
    9.283906936645508,
    9.012052774429321,
    9.678402423858643,
    10.090276718139648,
    11.297531604766846,
    9.777931928634644,
    10.120216846466064,
    9.75008225440979,
    10.16285753250122,
    10.922467470169067,
    9.582789897918701,
    9.406049728393555,
    10.106312274932861,
    9.946012258529663,
    9.910859107971191,
    10.823149681091309,
    10.30297565460205,
    10.642654418945312,
    10.397000551223755,
    10.504977941513062,
    10.864328861236572,
    10.131341218948364,
    10.855733633041382,
    11.044631481170654,
    10.392080545425415,
    10.873444080352783,
    10.49779200553894,
    10.717963218688965,
    10.654441118240356,
    10.904103755950928,
    10.871896505355835,
    10.924880743026733,
    11.041308641433716,
    11.351106882095337,
    11.887830257415771,
    11.29660153388977,
    11.38364553451538,
    11.52844786643982,
    11.502790927886963,
    11.794255495071411,
    12.119721174240112,
    12.198321104049683,
    12.058072566986084,
    12.33998441696167,
    12.25435471534729
  ],
  "val_recall@1": [
    0.005917159763313609,
    0.005917159763313609,
    0.005917159763313609,
    0.0029585798816568047,
    0.0029585798816568047,
    0.0029585798816568047,
    0.005917159763313609,
    0.0029585798816568047,
    0.005917159763313609,
    0.0029585798816568047,
    0.005917159763313609,
    0.005917159763313609,
    0.005917159763313609
  ],
  "val_recall@5": [
    0.020710059171597635,
    0.020710059171597635,
    0.01775147928994083,
    0.020710059171597635,
    0.01775147928994083,
    0.01775147928994083,
    0.011834319526627219,
    0.008875739644970414,
    0.011834319526627219,
    0.014792899408284023,
    0.011834319526627219,
    0.011834319526627219,
    0.011834319526627219
  ],
  "val_mrr": [
    0.02542607076426002,
    0.0246843832503106,
    0.02465017288986159,
    0.02275062945166218,
    0.021501189321299324,
    0.021450655576694684,
    0.02091621750566592,
    0.01923616341480909,
    0.02068043994772451,
    0.01900932446607683,
    0.020478827156490367,
    0.02108643295026291,
    0.020638543110853603
  ],
  "lr": [
    1.6184378290648514e-05,
    1.2466947628673758e-05,
    1.3864762180140603e-05,
    1.6184378290648514e-05,
    1.941075235961106e-05,
    2.352296011312935e-05,
    2.8494332305937814e-05,
    3.429262768169357e-05,
    4.088024206989584e-05,
    4.8214452263361455e-05,
    5.624769309461769e-05,
    6.492786591426569e-05,
    7.41986764707136e-05,
    8.400000000000001e-05,
    9.426827115796021e-05,
    0.00010493689626587488,
    0.0001159366851960308,
    0.0001271963000962496,
    0.0001386427180432335,
    0.0001502017046242442,
    0.00016179829537575573,
    0.0001733572819567665,
    0.00018480369990375037,
    0.00019606331480396917,
    0.00020706310373412514,
    0.00021773172884203981,
    0.00022799999999999996,
    0.00023780132352928642,
    0.0002470721340857343,
    0.0002557523069053823,
    0.00026378554773663854,
    0.0002711197579301041,
    0.0002777073723183064,
    0.0002835056676940622,
    0.00028847703988687064,
    0.00029258924764038894,
    0.0002958156217093515,
    0.00029813523781985945,
    0.0002995330523713262,
    0.0003,
    0.0002999942907442418,
    0.0002999771634117493,
    0.000299948619306835,
    0.0002999086606032432,
    0.00029985729034398377,
    0.00029979451244110077,
    0.0002997203316753747,
    0.00029963475369595803,
    0.0002995377850199452,
    0.0002994294330318763,
    0.0002993097059831748,
    0.00029917861299151886,
    0.0002990361640401475,
    0.00029888236997709984,
    0.0002987172425143891,
    0.000298540794227111,
    0.00029835303855248576,
    0.00029815398978883493,
    0.00029794366309449246,
    0.00029772207448665046,
    0.00029748924084013935,
    0.00029724517988614273
  ]
}