{
  "train_loss": [
    0.07645970466546714,
    0.029155320255085826,
    0.022297632647678256,
    0.017214236315339804,
    0.008953002514317632
  ],
  "val_recall@1": [
    0.5355029585798816
  ],
  "val_recall@5": [
    0.8461538461538461
  ],
  "val_mrr": [
    0.6630541995713013
  ],
  "lr": [
    0.0001,
    9.045084971874738e-05,
    6.545084971874737e-05,
    3.454915028125263e-05,
    9.549150281252631e-06
  ]
}