{
  "train_loss": [
    0.8211514428257942,
    0.8198719024658203,
    0.8277744054794312,
    0.8196570724248886,
    0.8220671489834785,
    0.833515077829361,
    0.8233766779303551,
    0.821411669254303,
    0.8256360366940498,
    0.8196133002638817
  ],
  "val_recall@1": [
    0.3668639053254438,
    0.47041420118343197
  ],
  "val_recall@5": [
    0.6390532544378699,
    0.7662721893491125
  ],
  "val_mrr": [
    0.4954022799106961,
    0.603605973628556
  ],
  "lr": [
    2e-05,
    4e-05,
    6e-05,
    8e-05,
    0.0001,
    7.525e-05,
    2.5750000000000013e-05,
    0.0001,
    9.336825748732972e-05,
    7.525e-05
  ]
}