{
  "train_loss": [
    0.06091765547171235,
    0.02789000514894724,
    0.017153051448985934,
    0.017953435657545924,
    0.011349610285833478,
    0.01695938454940915,
    0.017124733538366854,
    0.008008109754882753,
    0.014775705756619573,
    0.014221800956875086,
    0.012804922182112932,
    0.017217774875462055,
    0.007749956101179123,
    0.006886290735565126,
    0.004553692298941314,
    0.012948452029377222,
    0.009137456305325031,
    0.008892889600247145,
    0.007000384386628866,
    0.005476420046761632,
    0.00835844548419118,
    0.004368492285721004,
    0.00641527003608644,
    0.0034192660823464394,
    0.004232103703543544,
    0.0051991979125887156,
    0.004016526159830391,
    0.003816754324361682,
    0.002127362648025155,
    0.0036768295103684068,
    0.005447806091979146,
    0.0021048298804089427,
    0.0022856860887259245,
    0.002660472528077662,
    0.002926164073869586,
    0.0013327294727787375,
    0.0014656945131719112,
    0.004306988557800651,
    0.003611374762840569,
    0.0009971957188099623,
    0.001339381909929216,
    0.0039053958607837558,
    0.0026163324946537614,
    0.00040514429565519094,
    0.0015662997029721737,
    0.0021392771741375327,
    0.001761687803082168,
    0.003217704244889319,
    0.0016031977720558643,
    0.0004043630324304104
  ],
  "val_recall@1": [
    0.5562130177514792,
    0.4467455621301775,
    0.41420118343195267,
    0.5236686390532544,
    0.5088757396449705,
    0.5798816568047337,
    0.5443786982248521,
    0.5502958579881657,
    0.5591715976331361,
    0.5591715976331361
  ],
  "val_recall@5": [
    0.8550295857988166,
    0.8106508875739645,
    0.7455621301775148,
    0.8284023668639053,
    0.8195266272189349,
    0.8846153846153846,
    0.878698224852071,
    0.878698224852071,
    0.878698224852071,
    0.8816568047337278
  ],
  "val_mrr": [
    0.6838479681408047,
    0.5964605640531045,
    0.5573506270379561,
    0.6549604030725661,
    0.6508753096074453,
    0.7126791267075776,
    0.6860169245950521,
    0.6966987151067446,
    0.7022098794766911,
    0.7047239092503932
  ],
  "lr": [
    0.0001,
    9.990133642141359e-05,
    9.96057350657239e-05,
    9.911436253643444e-05,
    9.842915805643155e-05,
    9.755282581475769e-05,
    9.648882429441257e-05,
    9.524135262330098e-05,
    9.381533400219317e-05,
    9.221639627510075e-05,
    9.045084971874735e-05,
    8.852566213878945e-05,
    8.644843137107056e-05,
    8.422735529643442e-05,
    8.187119948743447e-05,
    7.938926261462366e-05,
    7.679133974894982e-05,
    7.408768370508575e-05,
    7.128896457825361e-05,
    6.840622763423389e-05,
    6.545084971874736e-05,
    6.243449435824272e-05,
    5.9369065729286224e-05,
    5.626666167821521e-05,
    5.3139525976465657e-05,
    4.999999999999998e-05,
    4.6860474023534314e-05,
    4.3733338321784775e-05,
    4.063093427071375e-05,
    3.756550564175724e-05,
    3.454915028125263e-05,
    3.1593772365766105e-05,
    2.8711035421746357e-05,
    2.591231629491422e-05,
    2.3208660251050148e-05,
    2.061073738537634e-05,
    1.8128800512565503e-05,
    1.5772644703565555e-05,
    1.3551568628929426e-05,
    1.1474337861210536e-05,
    9.549150281252626e-06,
    7.783603724899252e-06,
    6.184665997806817e-06,
    4.75864737669903e-06,
    3.5111757055874303e-06,
    2.4471741852423216e-06,
    1.5708419435684504e-06,
    8.856374635655631e-07,
    3.942649342761114e-07,
    9.866357858642197e-08
  ]
}